Workbook

Sheet sales_data
A1: Employee ID | B1: Employee Name | C1: Region | D1: Product ID | E1: Units Sold | F1: Sales Amount | G1: product name | H1: price per unit | I1: total sales value | M1: Region | N1: north | O1: south | P1: east | Q1: west | S1: region | T1: total sales value
A2: E103 | B2: Aman Verma | C2: East | D2: P003 | E2: 10 | F2: 35000 | G2: =VLOOKUP(sales_data!D4,product_data!$A$1:$D$6,2,FALSE) -> Monitor | H2: =VLOOKUP(D2,product_data!$A$1:$D$6,4,FALSE) -> 3500 | I2: =E2*H2 -> 35000 | M2: actuall sales | N2: =SUM(I5:I7) -> 163000 | O2: =SUM(I8:I9) -> 137000 | P2: =SUM(I2:I4) -> 121000 | Q2: =SUM(I10:I11) -> 215000 | S2: North | T2: =SUMIF(C2:C11,S2,I2:I11) -> 163000
A3: E106 | B3: Meena Iyer | C3: East | D3: P002 | E3: 18 | F3: 54000 | G3: =VLOOKUP(sales_data!D7,product_data!$A$1:$D$6,2,FALSE) -> Headphones | H3: =VLOOKUP(D3,product_data!$A$1:$D$6,4,FALSE) -> 3000 | I3: =E3*H3 -> 54000 | M3: target sales | N3: =HLOOKUP(N1,'monthly target'!A1:E2,2,FALSE) -> 150000 | O3: =HLOOKUP(O1,'monthly target'!B1:F2,2,FALSE) -> 140000 | P3: =HLOOKUP(P1,'monthly target'!C1:G2,2,FALSE) -> 120000 | Q3: =HLOOKUP(Q1,'monthly target'!D1:H2,2,FALSE) -> 160000
A4: E110 | B4: Neha Kulkarni | C4: East | D4: P005 | E4: 8 | F4: 32000 | G4: =VLOOKUP(sales_data!D11,product_data!$A$1:$D$6,2,FALSE) -> Laptop | H4: =VLOOKUP(D4,product_data!$A$1:$D$6,4,FALSE) -> 4000 | I4: =E4*H4 -> 32000 | M4: compare sales | N4: =N2-N3 -> 13000 | O4: =O2-O3 -> -3000 | P4: =P2-P3 -> 1000 | Q4: =Q2-Q3 -> 55000
A5: E101 | B5: Rahul Mehta | C5: North | D5: P001 | E5: 15 | F5: 45000 | G5: =VLOOKUP(sales_data!D2,product_data!$A$1:$D$6,2,FALSE) -> Headphones | H5: =VLOOKUP(D5,product_data!$A$1:$D$6,4,FALSE) -> 3000 | I5: =E5*H5 -> 45000
A6: E105 | B6: Rohan Gupta | C6: North | D6: P005 | E6: 12 | F6: 48000 | G6: =VLOOKUP(sales_data!D6,product_data!$A$1:$D$6,2,FALSE) -> Monitor | H6: =VLOOKUP(D6,product_data!$A$1:$D$6,4,FALSE) -> 4000 | I6: =E6*H6 -> 48000
A7: E109 | B7: Ajay Nair | C7: North | D7: P004 | E7: 14 | F7: 70000 | G7: =VLOOKUP(sales_data!D10,product_data!$A$1:$D$6,2,FALSE) -> Headphones | H7: =VLOOKUP(D7,product_data!$A$1:$D$6,4,FALSE) -> 5000 | I7: =E7*H7 -> 70000
A8: E102 | B8: Priya Sharma | C8: South | D8: P002 | E8: 20 | F8: 60000 | G8: =VLOOKUP(sales_data!D3,product_data!$A$1:$D$6,2,FALSE) -> Smartphone | H8: =VLOOKUP(D8,product_data!$A$1:$D$6,4,FALSE) -> 3000 | I8: =E8*H8 -> 60000
A9: E107 | B9: Deepak Rao | C9: South | D9: P003 | E9: 22 | F9: 77000 | G9: =VLOOKUP(sales_data!D8,product_data!$A$1:$D$6,2,FALSE) -> Smartphone | H9: =VLOOKUP(D9,product_data!$A$1:$D$6,4,FALSE) -> 3500 | I9: =E9*H9 -> 77000
A10: E104 | B10: Sneha Patel | C10: West | D10: P004 | E10: 25 | F10: 125000 | G10: =VLOOKUP(sales_data!D5,product_data!$A$1:$D$6,2,FALSE) -> Laptop | H10: =VLOOKUP(D10,product_data!$A$1:$D$6,4,FALSE) -> 5000 | I10: =E10*H10 -> 125000
A11: E108 | B11: Kavita Das | C11: West | D11: P001 | E11: 30 | F11: 90000 | G11: =VLOOKUP(sales_data!D9,product_data!$A$1:$D$6,2,FALSE) -> Headphones | H11: =VLOOKUP(D11,product_data!$A$1:$D$6,4,FALSE) -> 3000 | I11: =E11*H11 -> 90000
A12: total | E12: =SUM(E2:E11) -> 174 | H12: =SUM(H2:H11) -> 37000
A13: the total revenue is = | B13: =SUM(I1:I11) -> 636000

Sheet product_data
A1: Product ID | B1: Product Name | C1: Category | D1: Price per Unit | F1: vlookup value | G1: price per unit
A2: P001 | B2: Laptop | C2: Electronics | D2: 3000 | F2: =VLOOKUP(A2, $A$2:$D$6, 2, FALSE) -> Laptop | G2: =VLOOKUP(A2,$A$1:$D$6,4,FALSE) -> 3000
A3: P002 | B3: Smartphone | C3: Electronics | D3: 3000 | F3: =VLOOKUP(A3, $A$2:$D$6, 2, FALSE) -> Smartphone | G3: =VLOOKUP(A3,$A$1:$D$6,4,FALSE) -> 3000
A4: P003 | B4: Headphones | C4: Accessories | D4: 3500 | F4: =VLOOKUP(A4, $A$2:$D$6, 2, FALSE) -> Headphones | G4: =VLOOKUP(A4,$A$1:$D$6,4,FALSE) -> 3500
A5: P004 | B5: Headphones | C5: Office Supplies | D5: 5000 | F5: =VLOOKUP(A5, $A$2:$D$6, 2, FALSE) -> Headphones | G5: =VLOOKUP(A5,$A$1:$D$6,4,FALSE) -> 5000
A6: P005 | B6: Monitor | C6: Electronics | D6: 4000 | F6: =VLOOKUP(A6, $A$2:$D$6, 2, FALSE) -> Monitor | G6: =VLOOKUP(A6,$A$1:$D$6,4,FALSE) -> 4000

Sheet monthly target
A1: Region | B1: North | C1: South | D1: East | E1: West
A2: Target Sales | B2: 150000 | C2: 140000 | D2: 120000 | E2: 160000
A3: actual sales | B3: =HLOOKUP(B1,sales_data!$M$1:$Q$2,2,FALSE) -> 163000 | C3: =HLOOKUP(C1,sales_data!$M$1:$Q$2,2,FALSE) -> 137000 | D3: =HLOOKUP(D1,sales_data!$M$1:$Q$2,2,FALSE) -> 121000 | E3: =HLOOKUP(E1,sales_data!$M$1:$Q$2,2,FALSE) -> 215000
A4: compare | B4: =B3-B2 -> 13000 | C4: =C3-C2 -> -3000 | D4: =D3-D2 -> 1000 | E4: =E3-E2 -> 55000
